Image_Id,image_path,mask_path
0,004_18.jpg,004_18.png
1,40_57.jpg,40_57.png
2,002_132.jpg,002_132.png
3,10_33.jpg,10_33.png
4,11_0.jpg,11_0.png
5,009_249.jpg,009_249.png
6,11_291.jpg,11_291.png
7,008_192.jpg,008_192.png
8,23_tiny.jpg,23_tiny.png
9,010_210.jpg,010_210.png
10,010_6.jpg,010_6.png
11,008_117.jpg,008_117.png
12,008_6.jpg,008_6.png
13,008_24.jpg,008_24.png
14,001_276.jpg,001_276.png
15,11_237.jpg,11_237.png
16,001_54.jpg,001_54.png
17,11_303.jpg,11_303.png
18,29_21.jpg,29_21.png
19,004_123.jpg,004_123.png
20,11_294.jpg,11_294.png
21,001_39.jpg,001_39.png
22,006_36.jpg,006_36.png
23,001_291.jpg,001_291.png
24,11_354.jpg,11_354.png
25,009_159.jpg,009_159.png
26,010_120.jpg,010_120.png
27,009_105.jpg,009_105.png
28,002_63.jpg,002_63.png
29,11_141.jpg,11_141.png
30,010_57.jpg,010_57.png
31,10_21.jpg,10_21.png
32,004_216.jpg,004_216.png
33,007_150.jpg,007_150.png
34,007_225.jpg,007_225.png
35,10_tiny.jpg,10_tiny.png
36,010_273.jpg,010_273.png
37,008_261.jpg,008_261.png
38,001_243.jpg,001_243.png
39,40_66.jpg,40_66.png
40,009_237.jpg,009_237.png
41,11_276.jpg,11_276.png
42,009_255.jpg,009_255.png
43,21_tiny.jpg,21_tiny.png
44,14_9.jpg,14_9.png
45,002_21.jpg,002_21.png
46,002_96.jpg,002_96.png
47,29_30.jpg,29_30.png
48,008_144.jpg,008_144.png
49,007_60.jpg,007_60.png
50,001_189.jpg,001_189.png
51,67_tiny.jpg,67_tiny.png
52,005_261.jpg,005_261.png
53,30_9.jpg,30_9.png
54,53_tiny.jpg,53_tiny.png
55,010_252.jpg,010_252.png
56,36_6.jpg,36_6.png
57,11_270.jpg,11_270.png
58,40_21.jpg,40_21.png
59,007_168.jpg,007_168.png
60,005_153.jpg,005_153.png
61,010_159.jpg,010_159.png
62,004_234.jpg,004_234.png
63,006_132.jpg,006_132.png
64,001_159.jpg,001_159.png
65,010_105.jpg,010_105.png
66,003_129.jpg,003_129.png
67,98_tiny.jpg,98_tiny.png
68,11_207.jpg,11_207.png
69,003_162.jpg,003_162.png
70,11_87.jpg,11_87.png
71,40_51.jpg,40_51.png
72,006_24.jpg,006_24.png
73,001_108.jpg,001_108.png
74,004_114.jpg,004_114.png
75,94_tiny.jpg,94_tiny.png
76,007_18.jpg,007_18.png
77,11_tiny.jpg,11_tiny.png
78,003_78.jpg,003_78.png
79,11_315.jpg,11_315.png
80,11_393.jpg,11_393.png
81,004_210.jpg,004_210.png
82,001_156.jpg,001_156.png
83,002_186.jpg,002_186.png
84,4_27.jpg,4_27.png
85,002_48.jpg,002_48.png
86,14_39.jpg,14_39.png
87,004_174.jpg,004_174.png
88,27_48.jpg,27_48.png
89,005_69.jpg,005_69.png
90,71_tiny.jpg,71_tiny.png
91,10_12.jpg,10_12.png
92,008_237.jpg,008_237.png
93,008_213.jpg,008_213.png
94,27_36.jpg,27_36.png
95,008_267.jpg,008_267.png
96,009_240.jpg,009_240.png
97,001_222.jpg,001_222.png
98,11_78.jpg,11_78.png
99,7_27.jpg,7_27.png
100,005_204.jpg,005_204.png
101,001_213.jpg,001_213.png
102,009_27.jpg,009_27.png
103,008_120.jpg,008_120.png
104,003_150.jpg,003_150.png
105,005_195.jpg,005_195.png
106,007_78.jpg,007_78.png
107,7_6.jpg,7_6.png
108,40_33.jpg,40_33.png
109,002_147.jpg,002_147.png
110,001_231.jpg,001_231.png
111,003_111.jpg,003_111.png
112,11_27.jpg,11_27.png
113,005_9.jpg,005_9.png
114,010_222.jpg,010_222.png
115,11_33.jpg,11_33.png
116,005_198.jpg,005_198.png
117,40_69.jpg,40_69.png
118,006_177.jpg,006_177.png
119,010_102.jpg,010_102.png
120,006_60.jpg,006_60.png
121,11_108.jpg,11_108.png
122,010_213.jpg,010_213.png
123,002_108.jpg,002_108.png
124,008_51.jpg,008_51.png
125,11_6.jpg,11_6.png
126,007_21.jpg,007_21.png
127,11_84.jpg,11_84.png
128,009_108.jpg,009_108.png
129,14_6.jpg,14_6.png
130,004_186.jpg,004_186.png
131,005_246.jpg,005_246.png
132,36_3.jpg,36_3.png
133,004_231.jpg,004_231.png
134,004_207.jpg,004_207.png
135,11_102.jpg,11_102.png
136,008_222.jpg,008_222.png
137,005_147.jpg,005_147.png
138,001_60.jpg,001_60.png
139,005_126.jpg,005_126.png
140,009_150.jpg,009_150.png
141,006_156.jpg,006_156.png
142,7_9.jpg,7_9.png
143,74_tiny.jpg,74_tiny.png
144,006_174.jpg,006_174.png
145,009_36.jpg,009_36.png
146,008_72.jpg,008_72.png
147,7_3.jpg,7_3.png
148,010_174.jpg,010_174.png
149,002_12.jpg,002_12.png
150,004_30.jpg,004_30.png
151,88_tiny.jpg,88_tiny.png
152,004_120.jpg,004_120.png
153,001_6.jpg,001_6.png
154,003_96.jpg,003_96.png
155,010_93.jpg,010_93.png
156,005_39.jpg,005_39.png
157,004_84.jpg,004_84.png
158,004_153.jpg,004_153.png
159,001_99.jpg,001_99.png
160,84_tiny.jpg,84_tiny.png
161,002_135.jpg,002_135.png
162,009_207.jpg,009_207.png
163,006_150.jpg,006_150.png
164,006_93.jpg,006_93.png
165,003_87.jpg,003_87.png
166,001_195.jpg,001_195.png
167,11_72.jpg,11_72.png
168,14_0.jpg,14_0.png
169,008_204.jpg,008_204.png
170,14_33.jpg,14_33.png
171,010_270.jpg,010_270.png
172,009_81.jpg,009_81.png
173,27_63.jpg,27_63.png
174,14_78.jpg,14_78.png
175,006_201.jpg,006_201.png
176,002_129.jpg,002_129.png
177,009_60.jpg,009_60.png
178,40_78.jpg,40_78.png
179,002_90.jpg,002_90.png
180,010_180.jpg,010_180.png
181,005_57.jpg,005_57.png
182,004_252.jpg,004_252.png
183,001_168.jpg,001_168.png
184,40_36.jpg,40_36.png
185,4_0.jpg,4_0.png
186,40_9.jpg,40_9.png
187,11_177.jpg,11_177.png
188,006_63.jpg,006_63.png
189,001_72.jpg,001_72.png
190,008_171.jpg,008_171.png
191,64_tiny.jpg,64_tiny.png
192,004_69.jpg,004_69.png
193,14_84.jpg,14_84.png
194,009_177.jpg,009_177.png
195,010_138.jpg,010_138.png
196,7_24.jpg,7_24.png
197,009_78.jpg,009_78.png
198,002_192.jpg,002_192.png
199,11_66.jpg,11_66.png
200,008_282.jpg,008_282.png
201,43_tiny.jpg,43_tiny.png
202,001_300.jpg,001_300.png
203,003_60.jpg,003_60.png
204,003_186.jpg,003_186.png
205,008_66.jpg,008_66.png
206,007_222.jpg,007_222.png
207,006_15.jpg,006_15.png
208,003_84.jpg,003_84.png
209,72_tiny.jpg,72_tiny.png
210,010_87.jpg,010_87.png
211,008_27.jpg,008_27.png
212,30_18.jpg,30_18.png
213,26_tiny.jpg,26_tiny.png
214,002_156.jpg,002_156.png
215,008_69.jpg,008_69.png
216,005_243.jpg,005_243.png
217,007_234.jpg,007_234.png
218,27_6.jpg,27_6.png
219,005_18.jpg,005_18.png
220,010_84.jpg,010_84.png
221,001_90.jpg,001_90.png
222,6_tiny.jpg,6_tiny.png
223,004_189.jpg,004_189.png
224,006_57.jpg,006_57.png
225,002_15.jpg,002_15.png
226,001_75.jpg,001_75.png
227,27_24.jpg,27_24.png
228,14_54.jpg,14_54.png
229,007_42.jpg,007_42.png
230,007_132.jpg,007_132.png
231,36_18.jpg,36_18.png
232,14_66.jpg,14_66.png
233,007_246.jpg,007_246.png
234,007_171.jpg,007_171.png
235,010_246.jpg,010_246.png
236,008_228.jpg,008_228.png
237,11_114.jpg,11_114.png
238,11_318.jpg,11_318.png
239,008_102.jpg,008_102.png
240,010_96.jpg,010_96.png
241,14_72.jpg,14_72.png
242,11_144.jpg,11_144.png
243,005_48.jpg,005_48.png
244,007_207.jpg,007_207.png
245,11_267.jpg,11_267.png
246,002_102.jpg,002_102.png
247,001_111.jpg,001_111.png
248,004_198.jpg,004_198.png
249,005_123.jpg,005_123.png
250,002_189.jpg,002_189.png
251,005_144.jpg,005_144.png
252,006_144.jpg,006_144.png
253,007_90.jpg,007_90.png
254,001_228.jpg,001_228.png
255,010_300.jpg,010_300.png
256,008_87.jpg,008_87.png
257,010_126.jpg,010_126.png
258,006_87.jpg,006_87.png
259,004_144.jpg,004_144.png
260,010_99.jpg,010_99.png
261,89_tiny.jpg,89_tiny.png
262,22_tiny.jpg,22_tiny.png
263,14_45.jpg,14_45.png
264,7_21.jpg,7_21.png
265,005_102.jpg,005_102.png
266,40_39.jpg,40_39.png
267,001_240.jpg,001_240.png
268,11_333.jpg,11_333.png
269,001_132.jpg,001_132.png
270,003_0.jpg,003_0.png
271,40_15.jpg,40_15.png
272,36_12.jpg,36_12.png
273,007_135.jpg,007_135.png
274,005_99.jpg,005_99.png
275,005_6.jpg,005_6.png
276,65_tiny.jpg,65_tiny.png
277,002_120.jpg,002_120.png
278,11_48.jpg,11_48.png
279,30_0.jpg,30_0.png
280,27_9.jpg,27_9.png
281,29_18.jpg,29_18.png
282,29_0.jpg,29_0.png
283,007_165.jpg,007_165.png
284,14_99.jpg,14_99.png
285,003_81.jpg,003_81.png
286,11_165.jpg,11_165.png
287,11_285.jpg,11_285.png
288,003_144.jpg,003_144.png
289,7_39.jpg,7_39.png
290,29_24.jpg,29_24.png
291,007_174.jpg,007_174.png
292,010_237.jpg,010_237.png
293,10_24.jpg,10_24.png
294,007_93.jpg,007_93.png
295,11_171.jpg,11_171.png
296,14_48.jpg,14_48.png
297,010_39.jpg,010_39.png
298,010_186.jpg,010_186.png
299,40_0.jpg,40_0.png
300,007_57.jpg,007_57.png
301,3_tiny.jpg,3_tiny.png
302,40_18.jpg,40_18.png
303,36_30.jpg,36_30.png
304,007_69.jpg,007_69.png
305,008_84.jpg,008_84.png
306,008_198.jpg,008_198.png
307,79_tiny.jpg,79_tiny.png
308,002_159.jpg,002_159.png
309,005_0.jpg,005_0.png
310,007_102.jpg,007_102.png
311,005_111.jpg,005_111.png
312,010_282.jpg,010_282.png
313,007_243.jpg,007_243.png
314,11_45.jpg,11_45.png
315,010_33.jpg,010_33.png
316,003_99.jpg,003_99.png
317,11_15.jpg,11_15.png
318,001_9.jpg,001_9.png
319,11_51.jpg,11_51.png
320,010_48.jpg,010_48.png
321,003_171.jpg,003_171.png
322,29_tiny.jpg,29_tiny.png
323,11_162.jpg,11_162.png
324,004_45.jpg,004_45.png
325,007_129.jpg,007_129.png
326,008_105.jpg,008_105.png
327,40_72.jpg,40_72.png
328,007_195.jpg,007_195.png
329,10_9.jpg,10_9.png
330,001_33.jpg,001_33.png
331,008_159.jpg,008_159.png
332,10_15.jpg,10_15.png
333,008_93.jpg,008_93.png
334,006_198.jpg,006_198.png
335,001_201.jpg,001_201.png
336,11_168.jpg,11_168.png
337,010_147.jpg,010_147.png
338,003_33.jpg,003_33.png
339,62_tiny.jpg,62_tiny.png
340,004_54.jpg,004_54.png
341,004_255.jpg,004_255.png
342,7_30.jpg,7_30.png
343,7_42.jpg,7_42.png
344,010_243.jpg,010_243.png
345,009_195.jpg,009_195.png
346,45_tiny.jpg,45_tiny.png
347,4_6.jpg,4_6.png
348,005_282.jpg,005_282.png
349,001_66.jpg,001_66.png
350,002_27.jpg,002_27.png
351,004_129.jpg,004_129.png
352,50_tiny.jpg,50_tiny.png
353,11_18.jpg,11_18.png
354,002_45.jpg,002_45.png
355,14_18.jpg,14_18.png
356,35_tiny.jpg,35_tiny.png
357,7_15.jpg,7_15.png
358,003_126.jpg,003_126.png
359,002_54.jpg,002_54.png
360,003_57.jpg,003_57.png
361,001_204.jpg,001_204.png
362,010_201.jpg,010_201.png
363,003_72.jpg,003_72.png
364,008_132.jpg,008_132.png
365,003_180.jpg,003_180.png
366,002_111.jpg,002_111.png
367,010_132.jpg,010_132.png
368,47_tiny.jpg,47_tiny.png
369,004_21.jpg,004_21.png
370,10_3.jpg,10_3.png
371,007_51.jpg,007_51.png
372,003_159.jpg,003_159.png
373,7_0.jpg,7_0.png
374,11_9.jpg,11_9.png
375,003_114.jpg,003_114.png
376,010_231.jpg,010_231.png
377,11_252.jpg,11_252.png
378,002_198.jpg,002_198.png
379,25_tiny.jpg,25_tiny.png
380,11_345.jpg,11_345.png
381,11_90.jpg,11_90.png
382,005_288.jpg,005_288.png
383,11_261.jpg,11_261.png
384,004_12.jpg,004_12.png
385,007_24.jpg,007_24.png
386,008_114.jpg,008_114.png
387,003_45.jpg,003_45.png
388,005_255.jpg,005_255.png
389,11_138.jpg,11_138.png
390,9_tiny.jpg,9_tiny.png
391,004_0.jpg,004_0.png
392,009_225.jpg,009_225.png
393,005_159.jpg,005_159.png
394,11_12.jpg,11_12.png
395,40_6.jpg,40_6.png
396,010_63.jpg,010_63.png
397,005_33.jpg,005_33.png
398,42_tiny.jpg,42_tiny.png
399,001_270.jpg,001_270.png
400,001_165.jpg,001_165.png
401,006_45.jpg,006_45.png
402,003_120.jpg,003_120.png
403,004_87.jpg,004_87.png
404,003_192.jpg,003_192.png
405,14_42.jpg,14_42.png
406,004_195.jpg,004_195.png
407,006_165.jpg,006_165.png
408,005_150.jpg,005_150.png
409,90_tiny.jpg,90_tiny.png
410,007_162.jpg,007_162.png
411,002_126.jpg,002_126.png
412,14_24.jpg,14_24.png
413,11_327.jpg,11_327.png
414,54_tiny.jpg,54_tiny.png
415,008_33.jpg,008_33.png
416,009_222.jpg,009_222.png
417,003_153.jpg,003_153.png
418,007_75.jpg,007_75.png
419,30_15.jpg,30_15.png
420,008_30.jpg,008_30.png
421,15_tiny.jpg,15_tiny.png
422,009_234.jpg,009_234.png
423,001_135.jpg,001_135.png
424,007_72.jpg,007_72.png
425,007_231.jpg,007_231.png
426,27_45.jpg,27_45.png
427,11_189.jpg,11_189.png
428,001_288.jpg,001_288.png
429,001_207.jpg,001_207.png
430,002_81.jpg,002_81.png
431,001_174.jpg,001_174.png
432,008_111.jpg,008_111.png
433,14_105.jpg,14_105.png
434,95_tiny.jpg,95_tiny.png
435,006_18.jpg,006_18.png
436,006_27.jpg,006_27.png
437,010_195.jpg,010_195.png
438,11_339.jpg,11_339.png
439,005_45.jpg,005_45.png
440,002_57.jpg,002_57.png
441,009_198.jpg,009_198.png
442,006_195.jpg,006_195.png
443,006_48.jpg,006_48.png
444,11_408.jpg,11_408.png
445,11_99.jpg,11_99.png
446,001_180.jpg,001_180.png
447,40_tiny.jpg,40_tiny.png
448,010_69.jpg,010_69.png
449,36_0.jpg,36_0.png
450,008_291.jpg,008_291.png
451,008_123.jpg,008_123.png
452,009_174.jpg,009_174.png
453,34_tiny.jpg,34_tiny.png
454,36_27.jpg,36_27.png
455,001_87.jpg,001_87.png
456,008_174.jpg,008_174.png
457,009_192.jpg,009_192.png
458,003_51.jpg,003_51.png
459,003_75.jpg,003_75.png
460,001_285.jpg,001_285.png
461,009_135.jpg,009_135.png
462,14_27.jpg,14_27.png
463,010_177.jpg,010_177.png
464,006_21.jpg,006_21.png
465,001_15.jpg,001_15.png
466,19_tiny.jpg,19_tiny.png
467,007_144.jpg,007_144.png
468,010_240.jpg,010_240.png
469,002_30.jpg,002_30.png
470,009_3.jpg,009_3.png
471,11_75.jpg,11_75.png
472,010_165.jpg,010_165.png
473,001_57.jpg,001_57.png
474,005_267.jpg,005_267.png
475,40_84.jpg,40_84.png
476,001_81.jpg,001_81.png
477,004_228.jpg,004_228.png
478,009_201.jpg,009_201.png
479,007_240.jpg,007_240.png
480,008_279.jpg,008_279.png
481,001_237.jpg,001_237.png
482,12_tiny.jpg,12_tiny.png
483,009_117.jpg,009_117.png
484,005_90.jpg,005_90.png
485,006_84.jpg,006_84.png
486,009_147.jpg,009_147.png
487,004_60.jpg,004_60.png
488,002_18.jpg,002_18.png
489,7_tiny.jpg,7_tiny.png
490,001_261.jpg,001_261.png
491,008_240.jpg,008_240.png
492,004_15.jpg,004_15.png
493,11_357.jpg,11_357.png
494,004_159.jpg,004_159.png
495,006_171.jpg,006_171.png
496,11_330.jpg,11_330.png
497,001_30.jpg,001_30.png
498,009_243.jpg,009_243.png
499,009_75.jpg,009_75.png
500,008_276.jpg,008_276.png
501,009_102.jpg,009_102.png
502,005_273.jpg,005_273.png
503,003_183.jpg,003_183.png
504,11_135.jpg,11_135.png
505,003_54.jpg,003_54.png
506,003_39.jpg,003_39.png
507,010_261.jpg,010_261.png
508,11_297.jpg,11_297.png
509,40_60.jpg,40_60.png
510,002_75.jpg,002_75.png
511,007_30.jpg,007_30.png
512,007_0.jpg,007_0.png
513,39_tiny.jpg,39_tiny.png
514,002_0.jpg,002_0.png
515,001_294.jpg,001_294.png
516,4_12.jpg,4_12.png
517,005_30.jpg,005_30.png
518,10_30.jpg,10_30.png
519,11_150.jpg,11_150.png
520,006_162.jpg,006_162.png
521,005_75.jpg,005_75.png
522,008_225.jpg,008_225.png
523,11_60.jpg,11_60.png
524,002_3.jpg,002_3.png
525,010_276.jpg,010_276.png
526,010_78.jpg,010_78.png
527,001_264.jpg,001_264.png
528,003_168.jpg,003_168.png
529,005_156.jpg,005_156.png
530,004_138.jpg,004_138.png
531,76_tiny.jpg,76_tiny.png
532,010_228.jpg,010_228.png
533,001_249.jpg,001_249.png
534,007_189.jpg,007_189.png
535,005_192.jpg,005_192.png
536,29_6.jpg,29_6.png
537,11_366.jpg,11_366.png
538,009_183.jpg,009_183.png
539,001_117.jpg,001_117.png
540,006_72.jpg,006_72.png
541,010_24.jpg,010_24.png
542,005_171.jpg,005_171.png
543,46_tiny.jpg,46_tiny.png
544,005_216.jpg,005_216.png
545,40_42.jpg,40_42.png
546,001_120.jpg,001_120.png
547,004_66.jpg,004_66.png
548,009_54.jpg,009_54.png
549,006_129.jpg,006_129.png
550,11_255.jpg,11_255.png
551,006_0.jpg,006_0.png
552,004_162.jpg,004_162.png
553,004_126.jpg,004_126.png
554,004_222.jpg,004_222.png
555,006_3.jpg,006_3.png
556,001_102.jpg,001_102.png
557,010_291.jpg,010_291.png
558,004_243.jpg,004_243.png
559,005_174.jpg,005_174.png
560,4_18.jpg,4_18.png
561,29_3.jpg,29_3.png
562,27_3.jpg,27_3.png
563,11_234.jpg,11_234.png
564,005_15.jpg,005_15.png
565,001_84.jpg,001_84.png
566,004_183.jpg,004_183.png
567,14_87.jpg,14_87.png
568,002_66.jpg,002_66.png
569,20_tiny.jpg,20_tiny.png
570,009_252.jpg,009_252.png
571,003_3.jpg,003_3.png
572,010_288.jpg,010_288.png
573,003_165.jpg,003_165.png
574,36_33.jpg,36_33.png
575,005_3.jpg,005_3.png
576,006_12.jpg,006_12.png
577,27_tiny.jpg,27_tiny.png
578,006_186.jpg,006_186.png
579,005_24.jpg,005_24.png
580,007_48.jpg,007_48.png
581,27_54.jpg,27_54.png
582,14_81.jpg,14_81.png
583,004_6.jpg,004_6.png
584,010_183.jpg,010_183.png
585,001_36.jpg,001_36.png
586,010_3.jpg,010_3.png
587,007_27.jpg,007_27.png
588,003_177.jpg,003_177.png
589,008_0.jpg,008_0.png
590,96_tiny.jpg,96_tiny.png
591,007_147.jpg,007_147.png
592,002_162.jpg,002_162.png
593,11_288.jpg,11_288.png
594,31_tiny.jpg,31_tiny.png
595,001_0.jpg,001_0.png
596,10_6.jpg,10_6.png
597,001_42.jpg,001_42.png
598,008_57.jpg,008_57.png
599,004_177.jpg,004_177.png
600,004_267.jpg,004_267.png
601,009_204.jpg,009_204.png
602,006_102.jpg,006_102.png
603,30_39.jpg,30_39.png
604,36_21.jpg,36_21.png
605,010_18.jpg,010_18.png
606,010_60.jpg,010_60.png
607,010_51.jpg,010_51.png
608,010_264.jpg,010_264.png
609,008_141.jpg,008_141.png
610,82_tiny.jpg,82_tiny.png
611,10_27.jpg,10_27.png
612,001_63.jpg,001_63.png
613,11_198.jpg,11_198.png
614,004_93.jpg,004_93.png
615,002_36.jpg,002_36.png
616,005_81.jpg,005_81.png
617,002_144.jpg,002_144.png
618,008_42.jpg,008_42.png
619,010_108.jpg,010_108.png
620,006_33.jpg,006_33.png
621,11_54.jpg,11_54.png
622,14_102.jpg,14_102.png
623,001_282.jpg,001_282.png
624,11_411.jpg,11_411.png
625,004_78.jpg,004_78.png
626,11_96.jpg,11_96.png
627,10_18.jpg,10_18.png
628,30_3.jpg,30_3.png
629,11_123.jpg,11_123.png
630,008_273.jpg,008_273.png
631,005_42.jpg,005_42.png
632,005_228.jpg,005_228.png
633,1_tiny.jpg,1_tiny.png
634,11_342.jpg,11_342.png
635,005_279.jpg,005_279.png
636,005_135.jpg,005_135.png
637,14_69.jpg,14_69.png
638,008_138.jpg,008_138.png
639,008_18.jpg,008_18.png
640,010_12.jpg,010_12.png
641,004_57.jpg,004_57.png
642,007_156.jpg,007_156.png
643,32_tiny.jpg,32_tiny.png
644,005_165.jpg,005_165.png
645,004_42.jpg,004_42.png
646,003_147.jpg,003_147.png
647,008_231.jpg,008_231.png
648,57_tiny.jpg,57_tiny.png
649,14_96.jpg,14_96.png
650,004_51.jpg,004_51.png
651,13_tiny.jpg,13_tiny.png
652,008_54.jpg,008_54.png
653,004_219.jpg,004_219.png
654,14_21.jpg,14_21.png
655,11_336.jpg,11_336.png
656,40_75.jpg,40_75.png
657,11_216.jpg,11_216.png
658,008_264.jpg,008_264.png
659,008_78.jpg,008_78.png
660,30_tiny.jpg,30_tiny.png
661,008_81.jpg,008_81.png
662,10_0.jpg,10_0.png
663,37_tiny.jpg,37_tiny.png
664,004_165.jpg,004_165.png
665,009_63.jpg,009_63.png
666,010_216.jpg,010_216.png
667,007_108.jpg,007_108.png
668,75_tiny.jpg,75_tiny.png
669,004_237.jpg,004_237.png
670,27_57.jpg,27_57.png
671,11_306.jpg,11_306.png
672,11_36.jpg,11_36.png
673,006_6.jpg,006_6.png
674,008_288.jpg,008_288.png
675,11_243.jpg,11_243.png
676,002_99.jpg,002_99.png
677,11_117.jpg,11_117.png
678,7_12.jpg,7_12.png
679,003_135.jpg,003_135.png
680,006_81.jpg,006_81.png
681,30_6.jpg,30_6.png
682,002_174.jpg,002_174.png
683,003_138.jpg,003_138.png
684,003_12.jpg,003_12.png
685,006_204.jpg,006_204.png
686,008_90.jpg,008_90.png
687,004_117.jpg,004_117.png
688,001_297.jpg,001_297.png
689,008_216.jpg,008_216.png
690,005_78.jpg,005_78.png
691,003_108.jpg,003_108.png
692,003_156.jpg,003_156.png
693,010_21.jpg,010_21.png
694,14_60.jpg,14_60.png
695,004_39.jpg,004_39.png
696,008_189.jpg,008_189.png
697,11_111.jpg,11_111.png
698,4_33.jpg,4_33.png
699,002_183.jpg,002_183.png
700,010_249.jpg,010_249.png
701,005_141.jpg,005_141.png
702,40_3.jpg,40_3.png
703,007_192.jpg,007_192.png
704,008_150.jpg,008_150.png
705,004_102.jpg,004_102.png
706,009_39.jpg,009_39.png
707,009_210.jpg,009_210.png
708,005_60.jpg,005_60.png
709,010_153.jpg,010_153.png
710,007_186.jpg,007_186.png
711,004_246.jpg,004_246.png
712,009_120.jpg,009_120.png
713,14_57.jpg,14_57.png
714,27_21.jpg,27_21.png
715,11_105.jpg,11_105.png
716,003_105.jpg,003_105.png
717,11_132.jpg,11_132.png
718,007_219.jpg,007_219.png
719,11_63.jpg,11_63.png
720,010_9.jpg,010_9.png
721,002_138.jpg,002_138.png
722,008_195.jpg,008_195.png
723,008_165.jpg,008_165.png
724,28_tiny.jpg,28_tiny.png
725,007_9.jpg,007_9.png
726,70_tiny.jpg,70_tiny.png
727,11_24.jpg,11_24.png
728,002_150.jpg,002_150.png
729,007_54.jpg,007_54.png
730,009_186.jpg,009_186.png
731,009_12.jpg,009_12.png
732,001_210.jpg,001_210.png
733,41_tiny.jpg,41_tiny.png
734,11_195.jpg,11_195.png
735,010_0.jpg,010_0.png
736,001_147.jpg,001_147.png
737,001_93.jpg,001_93.png
738,68_tiny.jpg,68_tiny.png
739,010_297.jpg,010_297.png
740,40_48.jpg,40_48.png
741,004_9.jpg,004_9.png
742,66_tiny.jpg,66_tiny.png
743,11_246.jpg,11_246.png
744,010_219.jpg,010_219.png
745,007_126.jpg,007_126.png
746,29_27.jpg,29_27.png
747,006_69.jpg,006_69.png
748,11_120.jpg,11_120.png
749,002_42.jpg,002_42.png
750,004_171.jpg,004_171.png
751,003_93.jpg,003_93.png
752,40_27.jpg,40_27.png
753,11_282.jpg,11_282.png
754,11_219.jpg,11_219.png
755,005_54.jpg,005_54.png
756,002_69.jpg,002_69.png
757,11_300.jpg,11_300.png
758,11_240.jpg,11_240.png
759,004_264.jpg,004_264.png
760,010_198.jpg,010_198.png
761,008_36.jpg,008_36.png
762,004_75.jpg,004_75.png
763,006_207.jpg,006_207.png
764,11_81.jpg,11_81.png
765,30_36.jpg,30_36.png
766,78_tiny.jpg,78_tiny.png
767,14_75.jpg,14_75.png
768,006_183.jpg,006_183.png
769,4_36.jpg,4_36.png
770,008_126.jpg,008_126.png
771,006_108.jpg,006_108.png
772,002_153.jpg,002_153.png
773,006_168.jpg,006_168.png
774,009_162.jpg,009_162.png
775,11_351.jpg,11_351.png
776,001_96.jpg,001_96.png
777,007_141.jpg,007_141.png
778,40_24.jpg,40_24.png
779,003_36.jpg,003_36.png
780,009_129.jpg,009_129.png
781,009_96.jpg,009_96.png
782,11_312.jpg,11_312.png
783,40_12.jpg,40_12.png
784,005_105.jpg,005_105.png
785,4_3.jpg,4_3.png
786,006_189.jpg,006_189.png
787,006_180.jpg,006_180.png
788,001_192.jpg,001_192.png
789,99_tiny.jpg,99_tiny.png
790,004_81.jpg,004_81.png
791,007_114.jpg,007_114.png
792,11_363.jpg,11_363.png
793,51_tiny.jpg,51_tiny.png
794,4_15.jpg,4_15.png
795,003_48.jpg,003_48.png
796,001_138.jpg,001_138.png
797,007_159.jpg,007_159.png
798,010_285.jpg,010_285.png
799,006_153.jpg,006_153.png
800,009_15.jpg,009_15.png
801,001_18.jpg,001_18.png
802,11_93.jpg,11_93.png
803,008_255.jpg,008_255.png
804,008_258.jpg,008_258.png
805,001_24.jpg,001_24.png
806,007_237.jpg,007_237.png
807,36_15.jpg,36_15.png
808,30_27.jpg,30_27.png
809,11_183.jpg,11_183.png
810,003_15.jpg,003_15.png
811,009_141.jpg,009_141.png
812,11_153.jpg,11_153.png
813,008_147.jpg,008_147.png
814,010_129.jpg,010_129.png
815,010_72.jpg,010_72.png
816,006_66.jpg,006_66.png
817,009_90.jpg,009_90.png
818,27_51.jpg,27_51.png
819,11_69.jpg,11_69.png
820,006_117.jpg,006_117.png
821,005_84.jpg,005_84.png
822,008_156.jpg,008_156.png
823,27_33.jpg,27_33.png
824,010_42.jpg,010_42.png
825,29_12.jpg,29_12.png
826,11_225.jpg,11_225.png
827,010_111.jpg,010_111.png
828,7_33.jpg,7_33.png
829,14_30.jpg,14_30.png
830,003_123.jpg,003_123.png
831,11_372.jpg,11_372.png
832,005_96.jpg,005_96.png
833,11_21.jpg,11_21.png
834,003_117.jpg,003_117.png
835,007_66.jpg,007_66.png
836,010_75.jpg,010_75.png
837,006_135.jpg,006_135.png
838,69_tiny.jpg,69_tiny.png
839,008_9.jpg,008_9.png
840,002_168.jpg,002_168.png
841,010_45.jpg,010_45.png
842,005_138.jpg,005_138.png
843,36_9.jpg,36_9.png
844,010_27.jpg,010_27.png
845,005_264.jpg,005_264.png
846,007_45.jpg,007_45.png
847,38_tiny.jpg,38_tiny.png
848,11_378.jpg,11_378.png
849,007_63.jpg,007_63.png
850,003_132.jpg,003_132.png
851,004_63.jpg,004_63.png
852,30_30.jpg,30_30.png
853,008_96.jpg,008_96.png
854,18_tiny.jpg,18_tiny.png
855,005_129.jpg,005_129.png
856,002_141.jpg,002_141.png
857,91_tiny.jpg,91_tiny.png
858,11_369.jpg,11_369.png
859,007_117.jpg,007_117.png
860,52_tiny.jpg,52_tiny.png
861,27_60.jpg,27_60.png
862,14_93.jpg,14_93.png
863,006_75.jpg,006_75.png
864,001_255.jpg,001_255.png
865,008_12.jpg,008_12.png
866,003_6.jpg,003_6.png
867,004_147.jpg,004_147.png
868,001_126.jpg,001_126.png
869,004_135.jpg,004_135.png
870,004_141.jpg,004_141.png
871,14_tiny.jpg,14_tiny.png
872,77_tiny.jpg,77_tiny.png
873,006_78.jpg,006_78.png
874,008_153.jpg,008_153.png
875,11_39.jpg,11_39.png
876,4_21.jpg,4_21.png
877,4_9.jpg,4_9.png
878,005_210.jpg,005_210.png
879,009_213.jpg,009_213.png
880,001_219.jpg,001_219.png
881,40_54.jpg,40_54.png
882,001_78.jpg,001_78.png
883,002_78.jpg,002_78.png
884,005_183.jpg,005_183.png
885,009_99.jpg,009_99.png
886,009_33.jpg,009_33.png
887,010_54.jpg,010_54.png
888,003_42.jpg,003_42.png
889,010_267.jpg,010_267.png
890,010_66.jpg,010_66.png
891,14_108.jpg,14_108.png
892,010_36.jpg,010_36.png
893,006_9.jpg,006_9.png
